{
  "timestamp": "2026-02-18T23:56:22.449446",
  "device": "cuda",
  "batch_size": 32,
  "input_dim": 64,
  "hidden_dim": 128,
  "output_dim": 10,
  "epochs": 1,
  "results": [
    {
      "depth": 100,
      "method": "ep",
      "success": true,
      "error": null,
      "peak_memory_mb": 38.119424,
      "weight_memory_mb": 6.511144,
      "activation_memory_mb": 31.60828,
      "train_time_per_epoch_sec": 1.50034761428833,
      "settling_time_ms": 1200.278091430664,
      "avg_gradient_norm": 0.0020765722338885865,
      "max_gradient_norm": 0.16862615942955017,
      "min_gradient_norm": 0.0,
      "initial_loss": 2.815513849258423,
      "final_loss": 2.3025479316711426,
      "initial_accuracy": 0.0625,
      "final_accuracy": 0.15625,
      "converged": true,
      "settling_steps_avg": 30,
      "vanishing_gradients": false,
      "exploding_gradients": false
    },
    {
      "depth": 100,
      "method": "backprop",
      "success": true,
      "error": null,
      "peak_memory_mb": 38.121472,
      "weight_memory_mb": 6.511144,
      "activation_memory_mb": 31.610327999999996,
      "train_time_per_epoch_sec": 0.14255070686340332,
      "settling_time_ms": 0,
      "avg_gradient_norm": 0.7550338246673346,
      "max_gradient_norm": 2.547689437866211,
      "min_gradient_norm": 0.08337616920471191,
      "initial_loss": 2.354722499847412,
      "final_loss": 2.30220890045166,
      "initial_accuracy": 0.09375,
      "final_accuracy": 0.1875,
      "converged": true,
      "settling_steps_avg": 30,
      "vanishing_gradients": false,
      "exploding_gradients": false
    },
    {
      "depth": 500,
      "method": "ep",
      "success": true,
      "error": null,
      "peak_memory_mb": 117.786624,
      "weight_memory_mb": 32.930344,
      "activation_memory_mb": 84.85628,
      "train_time_per_epoch_sec": 7.149100065231323,
      "settling_time_ms": 5719.2800521850595,
      "avg_gradient_norm": 0.00011837925416502326,
      "max_gradient_norm": 0.037517987191677094,
      "min_gradient_norm": 0.0,
      "initial_loss": 2.4345312118530273,
      "final_loss": 2.302570104598999,
      "initial_accuracy": 0.09375,
      "final_accuracy": 0.125,
      "converged": true,
      "settling_steps_avg": 30,
      "vanishing_gradients": false,
      "exploding_gradients": false
    },
    {
      "depth": 500,
      "method": "backprop",
      "success": true,
      "error": null,
      "peak_memory_mb": 117.788672,
      "weight_memory_mb": 32.930344,
      "activation_memory_mb": 84.858328,
      "train_time_per_epoch_sec": 0.723766565322876,
      "settling_time_ms": 0,
      "avg_gradient_norm": 0.06872206269088202,
      "max_gradient_norm": 0.9080287218093872,
      "min_gradient_norm": 0.0019280628766864538,
      "initial_loss": 2.3048717975616455,
      "final_loss": 2.301661729812622,
      "initial_accuracy": 0.09375,
      "final_accuracy": 0.25,
      "converged": true,
      "settling_steps_avg": 30,
      "vanishing_gradients": false,
      "exploding_gradients": false
    },
    {
      "depth": 1000,
      "method": "ep",
      "success": true,
      "error": null,
      "peak_memory_mb": 217.370624,
      "weight_memory_mb": 65.954344,
      "activation_memory_mb": 151.41627999999997,
      "train_time_per_epoch_sec": 16.70911431312561,
      "settling_time_ms": 13367.291450500488,
      "avg_gradient_norm": 3.65960265905613e-05,
      "max_gradient_norm": 0.043850310146808624,
      "min_gradient_norm": 0.0,
      "initial_loss": 2.302572250366211,
      "final_loss": 2.3025705814361572,
      "initial_accuracy": 0.0625,
      "final_accuracy": 0.15625,
      "converged": true,
      "settling_steps_avg": 30,
      "vanishing_gradients": false,
      "exploding_gradients": false
    },
    {
      "depth": 1000,
      "method": "backprop",
      "success": true,
      "error": null,
      "peak_memory_mb": 217.372672,
      "weight_memory_mb": 65.954344,
      "activation_memory_mb": 151.41832799999997,
      "train_time_per_epoch_sec": 1.409665822982788,
      "settling_time_ms": 0,
      "avg_gradient_norm": 0.021428402079255875,
      "max_gradient_norm": 0.5296525955200195,
      "min_gradient_norm": 3.631351148669637e-07,
      "initial_loss": 2.3025856018066406,
      "final_loss": 2.3020882606506348,
      "initial_accuracy": 0.0625,
      "final_accuracy": 0.1875,
      "converged": true,
      "settling_steps_avg": 30,
      "vanishing_gradients": false,
      "exploding_gradients": false
    },
    {
      "depth": 2000,
      "method": "ep",
      "success": true,
      "error": null,
      "peak_memory_mb": 416.538624,
      "weight_memory_mb": 132.002344,
      "activation_memory_mb": 284.53628000000003,
      "train_time_per_epoch_sec": 27.711246728897095,
      "settling_time_ms": 22168.997383117676,
      "avg_gradient_norm": 2.0987340265902806e-05,
      "max_gradient_norm": 0.04992414638400078,
      "min_gradient_norm": 0.0,
      "initial_loss": 2.3025851249694824,
      "final_loss": 2.3025457859039307,
      "initial_accuracy": 0.09375,
      "final_accuracy": 0.1875,
      "converged": true,
      "settling_steps_avg": 30,
      "vanishing_gradients": false,
      "exploding_gradients": false
    },
    {
      "depth": 2000,
      "method": "backprop",
      "success": true,
      "error": null,
      "peak_memory_mb": 416.540672,
      "weight_memory_mb": 132.002344,
      "activation_memory_mb": 284.538328,
      "train_time_per_epoch_sec": 2.7596936225891113,
      "settling_time_ms": 0,
      "avg_gradient_norm": 0.09792249779413187,
      "max_gradient_norm": 3.212780237197876,
      "min_gradient_norm": 1.3283580457823518e-08,
      "initial_loss": 2.3025851249694824,
      "final_loss": 2.302194833755493,
      "initial_accuracy": 0.03125,
      "final_accuracy": 0.15625,
      "converged": true,
      "settling_steps_avg": 30,
      "vanishing_gradients": false,
      "exploding_gradients": false
    }
  ],
  "ep_max_depth_trained": 2000,
  "ep_max_depth_accuracy": 0.1875,
  "backprop_max_depth_trained": 2000,
  "backprop_max_depth_accuracy": 0.15625,
  "ep_memory_scaling": 0.13312000000000002,
  "backprop_memory_scaling": 0.13312,
  "ep_time_scaling": 0.013795210060320402,
  "backprop_time_scaling": 0.0013774436398556358
}