{
  "config": {
    "seed": 42,
    "num_runs": 1,
    "task": "shakespeare",
    "seq_length": 32,
    "batch_size": 4,
    "epochs": 1,
    "learning_rate": 0.0003,
    "warmup_steps": 100,
    "embed_dim": 192,
    "num_layers": 6,
    "num_heads": 6,
    "num_kv_heads": 2,
    "attention_type": "auto",
    "sliding_window": 0,
    "use_compile": true,
    "compile_mode": "max-autotune",
    "use_gradient_checkpointing": true,
    "use_amp": true,
    "device": "auto",
    "confidence_level": 0.95
  },
  "system_info": {
    "python_version": "2.10.0+cu128",
    "cuda_version": "N/A",
    "gpu_name": "N/A",
    "gpu_memory_gb": 0,
    "timestamp": "2026-02-24T23:57:44.701060"
  },
  "results": {
    "nanogpt": {
      "model_name": "NanoGPT",
      "throughput_stats": {
        "mean": 60.66985880021784,
        "std": 0.0,
        "std_error": 0.0,
        "ci_95": [
          60.66985880021784,
          60.66985880021784
        ],
        "min": 60.66985880021784,
        "max": 60.66985880021784,
        "median": 60.66985880021784,
        "n_runs": 1
      },
      "time_stats": {
        "mean": 77.53438186645508,
        "std": 0.0,
        "ci_95": [
          77.53438186645508,
          77.53438186645508
        ]
      },
      "memory_mb": 0,
      "val_loss": 2.8747557401657104,
      "val_ppl": 17.72109504103478,
      "raw_throughput": [
        60.66985880021784
      ],
      "raw_time": [
        77.53438186645508
      ]
    },
    "equitile": {
      "model_name": "EquiTile",
      "throughput_stats": {
        "mean": 4.516833848181571,
        "std": 0.0,
        "std_error": 0.0,
        "ci_95": [
          4.516833848181571,
          4.516833848181571
        ],
        "min": 4.516833848181571,
        "max": 4.516833848181571,
        "median": 4.516833848181571,
        "n_runs": 1
      },
      "time_stats": {
        "mean": 1041.437466621399,
        "std": 0.0,
        "ci_95": [
          1041.437466621399,
          1041.437466621399
        ]
      },
      "memory_mb": 0,
      "val_loss": 3.1692987084388733,
      "val_ppl": 23.790794221567246,
      "raw_throughput": [
        4.516833848181571
      ],
      "raw_time": [
        1041.437466621399
      ]
    }
  }
}